USE RoCALink

INSERT INTO Customer VALUES ('CU001', 'Andrew', 'andrew@gmail.com', '081223352212', 'Male')
INSERT INTO Customer VALUES ('CU002', 'Raissa Hana', 'raissahn@gmail.com', '08127584543', 'Female')
INSERT INTO Customer VALUES ('CU003', 'William Deanne', 'william123@gmail.com', '0812940332353', 'Male')
INSERT INTO Customer VALUES ('CU004', 'Jonathan William', 'jowilwil@gmail.com', '082353332124', 'Male')
INSERT INTO Customer VALUES ('CU005', 'Gregorius Stephen', 'stephencmb@gmail.com', '08213342123', 'Male')
INSERT INTO Customer VALUES ('CU006', 'Jason Adiwijaya', 'jxysr@gmail.com', '08932442323', 'Male')
INSERT INTO Customer VALUES ('CU007', 'Angeline Jennie', 'tdcjw@gmail.com', '0811823452321', 'Female')
INSERT INTO Customer VALUES ('CU008', 'Anggara Satya', 'anggarasatya@gmail.com', '081302843631', 'Male')
INSERT INTO Customer VALUES ('CU009', 'Justin Ramaputra', 'jramaputra123@gmail.com', '08182032321', 'Male')
INSERT INTO Customer VALUES ('CU010', 'Angel Catherine', 'angelcg@gmail.com', '08334562231', 'Female')

INSERT INTO Staff VALUES ('ST001', 'Feylin Wijaya', 'feylinwijaya@rocalink.com', '08192234523', 'Female', 4500000)
INSERT INTO Staff VALUES ('ST002', 'Michael Triadi', 'mtsfreak@rocalink.com', '08213232145', 'Male', 3900000)
INSERT INTO Staff VALUES ('ST003', 'Fico Pangestu', 'ficngestu123@rocalink.com', '08232712321', 'Male', 5400000)
INSERT INTO Staff VALUES ('ST004', 'Sarah Andien', 'sardiens@rocalink.com', '08219323212', 'Female', 1700000)
INSERT INTO Staff VALUES ('ST005', 'Anderson', 'sonny@rocalink.com', '081232122245', 'Male', 4500000)
INSERT INTO Staff VALUES ('ST006', 'Joel Nathaniel', 'jnathaniel@rocalink.com', '082323455212', 'Male', 1200000)
INSERT INTO Staff VALUES ('ST007', 'Jordan Vinardo', 'thekidjv23@rocalink.com', '0832221245235', 'Male', 7800000)
INSERT INTO Staff VALUES ('ST008', 'Auryns Lycasso', 'aurrynnsss@rocalink.com', '088198705543', 'Female', 9100000)
INSERT INTO Staff VALUES ('ST009', 'Stephanie Indrawan', 'stephiee@rocalink.com', '082188552326', 'Female', 3100000)
INSERT INTO Staff VALUES ('ST010', 'Norbert Oliver', 'norliver@rocalink.com', '08232166443', 'Male', 2200000)
INSERT INTO Staff VALUES ('ST011', 'Felicia', 'felicia@rocalink.com', '08232166443', 'Female', 2200000)

INSERT INTO BikeType VALUES ('BT001','Road Bike')
INSERT INTO BikeType VALUES ('BT002','Cruiser')
INSERT INTO BikeType VALUES ('BT003','Fixed Gear')
INSERT INTO BikeType VALUES ('BT004','Mountain Bike')
INSERT INTO BikeType VALUES ('BT005','BMX')
INSERT INTO BikeType VALUES ('BT006','Touring Bike')
INSERT INTO BikeType VALUES ('BT007','Recumbent Bike')
INSERT INTO BikeType VALUES ('BT008','Folding Bike')
INSERT INTO BikeType VALUES ('BT009','Utility Bike')
INSERT INTO BikeType VALUES ('BT010','Hybrid Bike')
INSERT INTO BikeType VALUES ('BT011','Dual Bike')
INSERT INTO BikeType VALUES ('BT012','Hunting Bike Types')
INSERT INTO BikeType VALUES ('BT013','Triple Bike Types')

INSERT INTO BikeBrand VALUES ('BR001', 'Alan Bike', 'Founded in 1972, the company was named after Alberto and Anamaria, Falconi Ludovico’s kids. Today, the company sponsors multiple professional teams around the world.', 'www.alanbike.it','Italy')
INSERT INTO BikeBrand VALUES ('BR002', 'Alchemy Bikes', 'Based in Colorado, Alchemy bikes was founded in 2008. Titanium, steel and carbon fiber bikes for mountain, road and gravel.', 'www.alchemybicycles.com','Colorado')
INSERT INTO BikeBrand VALUES ('BR003', 'Allied Cycle Works', 'Made in USA carbon road bikes. Founded in 2017.', 'www.alliedcycleworks.com','USA')
INSERT INTO BikeBrand VALUES ('BR004', 'Berthoud', 'French manufacturer that makes custom randonneuring and touring bicycles, as well as cycling accessories.', 'www.berthoudcycles.fr/en','French')
INSERT INTO BikeBrand VALUES ('BR005', 'Bilenky', 'Founded in 1983. USA frame builder.', 'www.bilenky.it','USA')
INSERT INTO BikeBrand VALUES ('BR006', 'Cachet', 'Canadian dirt jumper bicycle brand.', 'www.catchetbikes.com','Canada')
INSERT INTO BikeBrand VALUES ('BR007', 'Cannondale', 'The company offers a top range of bikes which use unique technologies such as the One Piece Integration which forges complex parts from a single block of aluminum.', 'www.cannondale.com','USA')
INSERT INTO BikeBrand VALUES ('BR008', 'Easy Racers', 'Recumbent bicycle brand. Founded in 1979 in the USA.', 'www.easyracers.com','USA')
INSERT INTO BikeBrand VALUES ('BR009', 'Electra', 'Electra makes modern bikes which are recommended for all ages and which look apart as well.', 'www.electrabike.com','Australia')
INSERT INTO BikeBrand VALUES ('BR010', 'Franco Bicycles', 'California based road and gravel bike brand that lets you choose your exact build, with lots of different component options to choose from.', 'www.francobicycles.com','California')

INSERT INTO BikeGroupSet VALUES ('GR001', 'Shimano 105', 5, 'True')
INSERT INTO BikeGroupSet VALUES ('GR002', 'Shimano Tiagra', 6, 'true')
INSERT INTO BikeGroupSet VALUES ('GR003', 'Shimano Sora', 7, 'False')
INSERT INTO BikeGroupSet VALUES ('GR004', 'Shimano Claris', 8, 'False')
INSERT INTO BikeGroupSet VALUES ('GR005', 'Shimano Grx', 9, 'True')
INSERT INTO BikeGroupSet VALUES ('GR006', 'SRAM Red', 10, 'False')
INSERT INTO BikeGroupSet VALUES ('GR007', 'SRAM Force', 11, 'True')
INSERT INTO BikeGroupSet VALUES ('GR008', 'SRAM Rival', 10, 'True')
INSERT INTO BikeGroupSet VALUES ('GR009', 'Sravm Rival (Mechanical)', 9, 'False')
INSERT INTO BikeGroupSet VALUES ('GR010', 'Campagnolo Chorus', 6, 'False')

INSERT INTO Bike VALUES ('BK001', 'Bonnie', 2500000, 'BT001', 'GR005', 'BR001')
INSERT INTO Bike VALUES ('BK002', 'Raven', 5000000, 'BT003', 'GR004', 'BR002')
INSERT INTO Bike VALUES ('BK003', 'Pegasus', 4500000, 'BT005', 'GR003', 'BR003')
INSERT INTO Bike VALUES ('BK004', 'Bumblebee', 10000000, 'BT002', 'GR002', 'BR004')
INSERT INTO Bike VALUES ('BK005', 'Buchepalus', 15000000, 'BT007', 'GR001', 'BR005')
INSERT INTO Bike VALUES ('BK006', 'Ebony', 5500000, 'BT008', 'GR009', 'BR006')
INSERT INTO Bike VALUES ('BK007', 'Stiletto', 7500000, 'BT009', 'GR008', 'BR007')
INSERT INTO Bike VALUES ('BK008', 'Zeus', 20000000, 'BT004', 'GR007', 'BR008')
INSERT INTO Bike VALUES ('BK009', 'Silver Bullet', 22500000, 'BT006', 'GR006', 'BR009')
INSERT INTO Bike VALUES ('BK010', 'Tequila', 6700000, 'BT010', 'GR003', 'BR010')
INSERT INTO Bike VALUES ('BK013', 'Howdy Bikes', 300000000, 'BT008', 'GR002', 'BR002')
INSERT INTO Bike VALUES ('BK014', 'Howard Bikes', 20000000, 'BT007', 'GR004', 'BR006')
INSERT INTO Bike VALUES ('BK015', 'Samsung Bikes', 153000000, 'BT006', 'GR003', 'BR007')
INSERT INTO Bike VALUES ('BK016', 'Chimney Bikes', 151000000, 'BT009', 'GR002', 'BR006')
INSERT INTO Bike VALUES ('BK017', 'Apple Bikes', 151000000, 'BT009', 'GR004', 'BR006')
INSERT INTO Bike VALUES ('BK018', 'Banana Bikes', 159000000, 'BT009', 'GR004', 'BR007')
INSERT INTO Bike VALUES ('BK019', 'Howdy Bikes', 153000000, 'BT009', 'GR004', 'BR006')
INSERT INTO Bike VALUES ('BK020', 'Howdys Bikes', 1530000000, 'BT009', 'GR004', 'BR006')
INSERT INTO Bike VALUES ('BK021', 'Roland Bikes', 125000000, 'BT009', 'GR004', 'BR006')
INSERT INTO Bike VALUES ('BK022', 'Totoro Bikes', 140000000, 'BT007', 'GR004', 'BR006')
INSERT INTO Bike VALUES ('BK023', 'Hammer Bikes', 140000000, 'BT013', 'GR003', 'BR006')
INSERT INTO Bike VALUES ('BK024', 'Chisel Bikes', 280000000, 'BT013', 'GR004', 'BR005')
INSERT INTO Bike VALUES ('BK025', 'Brooklyn Bikes', 320000000, 'BT012', 'GR002', 'BR004')
INSERT INTO Bike VALUES ('BK026', 'Warriors Bikes', 520000000, 'BT012', 'GR001', 'BR006')